fold,rmse,mae,r2
1,16011.07204733446,4011.5592945500425,0.9554342864106218
2,3430.752040887225,1658.1985921357807,0.9863331215937027
3,7290.354518245315,3830.4438163138725,0.9777529795153914
4,29503.248965035807,8150.622443534233,0.8768975763780512
5,7161.263349585857,2733.3543321764146,0.9655806460978174
