fold,rmse,mae,r2
1,50096.991619317734,20289.759858783924,0.5637018868005812
2,13310.798597349061,8548.682238127056,0.7942693992072019
3,57002.366708506124,31260.44087837838,-0.3600670976120466
4,48034.46741931138,22383.588113140417,0.6736881279580189
5,23319.70260262694,11861.305752728436,0.6350196870992637
