fold,rmse,mae,r2
1,49035.63441341352,19005.12614902697,0.5819929194498924
2,11772.023940947602,8087.279923489219,0.8390863288495707
3,55854.822125765226,30150.108386890308,-0.3058578531625049
4,47376.67568891242,20962.556043470227,0.6825640693018477
5,21420.4010141801,10395.61902803988,0.6920511275972785
