k,inertia,silhouette
2,891.1011919948322,0.36080144765557215
3,705.5939939064701,0.37510049639443305
4,555.7850470984916,0.4004103262912537
5,427.4632229571805,0.4129120390803035
6,329.8843151852,0.4635750057430029
7,284.51480103793074,0.4781022147971526
8,242.45469770943046,0.49842477622538
9,205.349239680916,0.47513411376951326
