{
  "accuracy": 0.7377521613832853,
  "f1_macro": 0.6787164369595781,
  "n_test": 347
}