{
  "accuracy": 0.723342939481268,
  "f1_macro": 0.6864887635408018,
  "n_test": 347
}