fold,f1_macro,precision_macro,recall_macro
1,0.5660908807967632,0.5718924100118098,0.5673366852970004
2,0.5714277095867913,0.570488589561705,0.5736859849100018
3,0.5574637362711483,0.558329838784829,0.5567281510759772
4,0.55186381488984,0.5578367334764972,0.5507037407037406
5,0.5773558136379188,0.5816850589961607,0.5771950271950271
