{
  "accuracy": 0.7262247838616714,
  "f1_macro": 0.6614157751271271,
  "n_test": 347
}