fold,f1_macro,precision_macro,recall_macro
1,0.6330799692647301,0.641612898985344,0.6415282595271953
2,0.5972537578361422,0.6061224273671852,0.6026418940003108
3,0.6390028337078851,0.637269735095822,0.6418137900746596
4,0.6324643255433036,0.6333975764545801,0.6326018426018426
5,0.6728965606677044,0.6745935117203222,0.6786047286047285
