fold,f1,precision,recall
1,0.9283018867924528,0.9283018867924528,0.9283018867924528
2,0.9487179487179487,0.9217081850533808,0.9773584905660377
3,0.9391634980988594,0.946360153256705,0.9320754716981132
4,0.9210526315789473,0.9176029962546817,0.9245283018867925
5,0.9447619047619048,0.9501915708812261,0.9393939393939394
