fold,f1,precision,recall
1,0.9348230912476723,0.9227941176470589,0.9471698113207547
2,0.9471766848816029,0.9154929577464789,0.9811320754716981
3,0.941398865784499,0.9431818181818182,0.939622641509434
4,0.930841121495327,0.9222222222222223,0.939622641509434
5,0.941398865784499,0.939622641509434,0.9431818181818182
