fold,f1,precision,recall
1,0.9153153153153153,0.8758620689655172,0.9584905660377359
2,0.9203539823008849,0.8666666666666667,0.9811320754716981
3,0.9166666666666666,0.8815331010452961,0.9547169811320755
4,0.92,0.887719298245614,0.9547169811320755
5,0.9155722326454033,0.9070631970260223,0.9242424242424242
