fold,f1,precision,recall
1,0.937381404174573,0.9427480916030534,0.9320754716981132
2,0.9426987060998152,0.9239130434782609,0.9622641509433962
3,0.9487666034155597,0.9541984732824428,0.9433962264150944
4,0.9132075471698113,0.9132075471698113,0.9132075471698113
5,0.944337811900192,0.9571984435797666,0.9318181818181818
